{"cameraMode":{"drawMode":0,"name":"Shaded","section":"Shading Mode"},"sceneLighting":false,"audioPlay":false,"sceneViewState":{"showFog":true,"showMaterialUpdate":false,"showSkybox":true,"showFlares":true,"showImageEffects":true,"showParticleSystems":true},"in2DMode":false,"pivot":{"x":-44.01908874511719,"y":7.940016746520996,"z":-3.537261962890625},"rotation":{"x":-0.1552167683839798,"y":-0.3006274104118347,"z":0.049077700823545459,"w":-0.939885139465332},"size":0.8660253882408142,"orthographic":false}