{"cameraMode":{"drawMode":0,"name":"Shaded","section":"Shading Mode"},"sceneLighting":false,"audioPlay":false,"sceneViewState":{"showFog":true,"showMaterialUpdate":false,"showSkybox":true,"showFlares":true,"showImageEffects":true,"showParticleSystems":true},"in2DMode":false,"pivot":{"x":5.461309432983398,"y":-16.379905700683595,"z":10.652685165405274},"rotation":{"x":0.31209027767181399,"y":-0.5383345484733582,"z":0.224404439330101,"w":0.7501322031021118},"size":15.491360664367676,"orthographic":false}