{"cameraMode":{"drawMode":0,"name":"Shaded","section":"Shading Mode"},"sceneLighting":false,"audioPlay":false,"sceneViewState":{"showFog":true,"showMaterialUpdate":false,"showSkybox":true,"showFlares":true,"showImageEffects":true,"showParticleSystems":true},"in2DMode":false,"pivot":{"x":0.14016810059547425,"y":-2.009377956390381,"z":9.081305503845215},"rotation":{"x":0.22017717361450196,"y":0.0058527253568172459,"z":-0.0013210814213380218,"w":0.9754421710968018},"size":18.714635848999025,"orthographic":false}