{"cameraMode":{"drawMode":0,"name":"Shaded","section":"Shading Mode"},"sceneLighting":false,"audioPlay":false,"sceneViewState":{"showFog":true,"showMaterialUpdate":false,"showSkybox":true,"showFlares":true,"showImageEffects":true,"showParticleSystems":true},"in2DMode":false,"pivot":{"x":1092.9051513671875,"y":739.0966186523438,"z":90.3404541015625},"rotation":{"x":0.13163012266159059,"y":0.0014180821599438787,"z":0.0001270828943233937,"w":0.9914289712905884},"size":872.110595703125,"orthographic":false}